Player ID,SN,Age,Gender
0,Marughi89,21,Male
1,Lirtedy26,25,Male
2,Chamistast30,21,Female
3,Lisirra25,21,Female
4,Lirtim36,17,Female
5,Undimsya85,22,Male
6,Lirtassa77,22,Other / Non-Disclosed
7,Mindirra92,24,Male
8,Undirrasta89,25,Female
9,Iskjaskst81,25,Male
10,Yoishirrala98,17,Male
11,Undassa89,17,Male
12,Lisossanya98,21,Male
13,Lisirra87,17,Male
14,Ililsan66,9,Female
15,Lisosiast26,30,Female
16,Ilimya66,28,Female
17,Lisassa49,22,Male
18,Mindirraya69,20,Male
19,Lirtista72,20,Male
20,Sondassala75,22,Male
21,Iskelosda54,18,Male
22,Sundista85,19,Male
23,Lirtossa84,23,Male
24,Chanjasksda31,30,Male
25,Chamiman85,20,Female
26,Lisosia66,16,Female
27,Lisirra44,16,Male
28,Mindassast27,20,Male
29,Quilassa66,12,Male
30,Marilsasya33,20,Female
31,Lisossa63,22,Male
32,Assim38,38,Male
33,Sondenasta63,15,Male
34,Chrathybust28,20,Male
35,Sondadar26,24,Male
36,Chanjaskan89,21,Male
37,Chamassast26,23,Male
38,Chadossa26,16,Female
39,Smecherdi88,28,Male
40,Chanjask65,20,Male
41,Chanassa48,20,Male
42,Mindosia50,25,Male
43,Sondassan80,23,Male
44,Iskim96,30,Male
45,Sondim73,38,Male
46,Ilosian36,23,Female
47,Iskadarya95,18,Male
48,Lisirra55,22,Male
49,Undotesta33,16,Male
50,Quaecjask96,16,Male
51,Ilosia88,23,Male
52,Iskosia45,25,Female
53,Lirtosia63,10,Male
54,Ililsasya43,45,Male
55,Sondassasya91,25,Male
56,Undista85,35,Female
57,Lisossa46,12,Male
58,Jiskossa61,20,Female
59,Lisastsya37,17,Male
60,Ilogha82,7,Male
61,Lisast87,31,Male
62,Undory40,24,Male
63,Lisassa64,32,Male
64,Frichim77,16,Male
65,Chamossa77,22,Male
66,Jiskosiasya52,7,Male
67,Lassadarsda57,17,Male
68,Lassjaskan73,25,Male
69,Chanuchi25,20,Female
70,Jiskim75,17,Male
71,Iljask57,20,Male
72,Jiskimsda73,10,Male
73,Jiskjask60,20,Male
74,Undistasta86,25,Male
75,Ilossa39,23,Male
76,Frichossast91,17,Male
77,Sondistanya61,15,Male
78,Ilaststa70,22,Male
79,Assakuya57,23,Male
80,Lisossa25,19,Male
81,Lisovynya38,25,Male
82,Lisopela58,33,Other / Non-Disclosed
83,Marilsanya48,30,Male
84,Chadadar38,31,Male
85,Marirraya39,36,Male
86,Lirtassan59,26,Male
87,Lisassasda39,21,Male
88,Frichaststa81,27,Male
89,Chadilsasta32,21,Female
90,Jiskjask76,22,Male
91,Chamadarsda63,26,Female
92,Chanirrasta87,11,Male
93,Marokian45,23,Male
94,Sundadar27,23,Male
95,Iskassa50,21,Male
96,Chamirra53,21,Male
97,Frichosiala98,30,Male
98,Chanosiaya39,23,Male
99,Lirtossa78,24,Male
100,Lirtastsya71,23,Male
101,Frichistast39,31,Male
102,Chamjask73,8,Male
103,Sundista37,25,Male
104,Lirtilsan89,25,Female
105,Lisosia93,25,Male
106,Sundastnya66,20,Male
107,Chadossa89,24,Male
108,Iskast78,22,Male
109,Lisjaskan36,25,Male
110,Chadistaya75,12,Male
111,Chamucosda93,26,Male
112,Chadadarla74,11,Male
113,Iskosia51,14,Male
114,Frichistan93,23,Male
115,Jiskassan80,45,Male
116,Raysistast71,20,Female
117,Undosia27,20,Male
118,Jiskassa76,17,Female
119,Marirrasta30,24,Male
120,Lassista97,34,Male
121,Lirtastan49,25,Female
122,Sondimla25,27,Male
123,Sondjasknya45,18,Male
124,Undirrala66,20,Male
125,Ilast55,21,Male
126,Iskjaskan81,20,Male
127,Iljask75,20,Male
128,Lisast98,21,Male
129,Lisilsa68,19,Male
130,Lassilsala30,13,Male
131,Ilosia37,21,Male
132,Iskossan49,21,Male
133,Assistasda90,22,Male
134,Jiskimya77,25,Other / Non-Disclosed
135,Sundilsast76,16,Male
136,Chadadarya31,25,Male
137,Iloni35,25,Male
138,Chanirra56,33,Male
139,Assassa81,25,Male
140,Chadirra90,18,Male
141,Undosiasya79,30,Male
142,Chadjask85,15,Female
143,Lisilsa62,23,Male
144,Sundassa93,23,Male
145,Lirtirra37,21,Male
146,Chadanto83,28,Male
147,Sondim43,9,Male
148,Chamassasya86,16,Male
149,Sondedust36,22,Male
150,Chanista95,24,Male
151,Assassa43,18,Male
152,Jiskjask80,23,Male
153,Marjask87,26,Male
154,Assistast50,19,Male
155,Lassim90,35,Female
156,Mindesi74,21,Male
157,Lisosia92,21,Male
158,Sundirrala66,20,Other / Non-Disclosed
159,Ilimsda76,16,Male
160,Marilsa69,28,Male
161,Sondassa48,7,Male
162,Chamosia71,11,Male
163,Mindirranya33,40,Male
164,Chanastya70,15,Male
165,Iskosia90,25,Male
166,Sondim68,25,Female
167,Nourrimsda30,15,Male
168,Crausirra42,21,Male
169,Lirtjaskan85,25,Male
170,Jiskjask76,32,Male
171,Lisjasksda68,20,Female
172,Assjaskan73,30,Male
173,Jiskilsa35,24,Male
174,Lirtosia72,24,Male
175,Lisassa26,27,Male
176,Undadar97,20,Female
177,Jiskirran77,17,Male
178,Iladarla40,24,Male
179,Lisista54,23,Male
180,Chamista31,11,Male
181,Chanosiast43,27,Female
182,Lirtassa52,40,Male
183,Lassirrasda85,28,Male
184,Undirra73,25,Male
185,Sondassa68,37,Female
186,Sondilsa42,24,Male
187,Undilsa52,8,Female
188,Assylla81,25,Male
189,Koikirra25,32,Male
190,Lisirra58,16,Male
191,Jiskebosya95,11,Male
192,Chadassasda60,24,Male
193,Jiskimsta59,22,Female
194,Lisimsta66,25,Other / Non-Disclosed
195,Jiskossa51,14,Female
196,Sondadarya58,29,Female
197,Ilosiast59,24,Male
198,Chanossala89,20,Male
199,Frichistasta59,23,Male
200,Undast38,33,Male
201,Chamadar27,24,Female
202,Zhestim56,30,Male
203,Mindadaran26,12,Male
204,Mindista32,25,Male
205,Lisosia51,25,Male
206,Jiskadarst79,20,Male
207,Assjask64,25,Female
208,Lisirrast82,23,Male
209,Iskirra44,21,Male
210,Jiskosiala43,10,Male
211,Chaniman66,30,Male
212,Chanjaskan37,24,Female
213,Chamastya76,21,Male
214,Frichosiasya71,38,Male
215,Ilassast39,25,Male
216,Frichilsa31,21,Male
217,Maridisya31,31,Male
218,Jiskilsa93,24,Male
219,Sondirra83,18,Male
220,Sundilsa62,19,Female
221,Lisassa39,26,Male
222,Iskistasda86,21,Male
223,Cosadar58,15,Male
224,Bartassaya73,11,Male
225,Assesi91,9,Male
226,Frichaststa61,32,Male
227,Ilista82,29,Male
228,Chadjask77,17,Male
229,Chadossa38,15,Female
230,Marassa62,22,Male
231,Undosian34,25,Male
232,Sweecossa42,22,Male
233,Frichosia58,15,Male
234,Assosia88,16,Male
235,Chanastnya43,20,Other / Non-Disclosed
236,Sondastsda82,9,Female
237,Frichocesta66,29,Male
238,Narirra38,23,Male
239,Assim27,25,Male
240,Frichossast75,22,Male
241,Jiskjask85,19,Male
242,Iskirra45,33,Other / Non-Disclosed
243,Chadista79,25,Female
244,Chanosseya79,15,Male
245,Mindilsa34,19,Male
246,Lassilsa63,40,Male
247,Maradarsya60,16,Male
248,Lisista63,33,Male
249,Undosian29,26,Male
250,Undjask33,23,Male
251,Mindast60,24,Male
252,Sondilsa40,16,Male
253,Ilassa51,30,Female
254,Lisistaya47,16,Female
255,Iskista88,30,Female
256,Iskosian40,15,Female
257,Lisista27,18,Male
258,Chanassa73,32,Male
259,Lirtim29,20,Male
260,Lisiman76,19,Male
261,Sundaststa26,26,Male
262,Mindetosya30,32,Male
263,Lirtyrdesta65,36,Male
264,Lisuby25,20,Male
265,Undastst48,24,Female
266,Maradarnya40,18,Male
267,Lirtilsa71,23,Male
268,Lirtosiast35,7,Male
269,Lisassasta50,22,Male
270,Poshilsa82,24,Other / Non-Disclosed
271,Lassjask63,21,Male
272,Undadarla37,8,Male
273,Undirrasta74,14,Male
274,Chanirrala39,14,Male
275,Tanimnya91,24,Male
276,Frichossast86,40,Male
277,Sondilsa35,20,Male
278,Frichast72,30,Male
279,Assirra72,35,Male
280,Sundassanya52,20,Male
281,Chanosia65,22,Female
282,Undare39,28,Male
283,Lirtossan50,24,Female
284,Ililsasda87,15,Male
285,Lisirraya76,29,Male
286,Jiskimla32,21,Other / Non-Disclosed
287,Chamosia29,39,Male
288,Chanossast57,33,Male
289,Lirtastsda29,20,Male
290,Lisistasya93,18,Male
291,Marjasksda39,37,Male
292,Chanastsda67,39,Male
293,Assastnya25,22,Male
294,Sondastan54,24,Male
295,Chamim85,21,Male
296,Chamilsala65,7,Male
297,Chamimla73,7,Male
298,Assadarsda51,21,Male
299,Mindimnya67,32,Male
300,Lassadar75,19,Male
301,Chamadar61,9,Male
302,Chadeche54,20,Male
303,Chamalo71,22,Male
304,Marilsa48,16,Male
305,Isketo41,25,Male
306,Chanosian48,29,Male
307,Iskim30,25,Female
308,Rianistast50,25,Male
309,Lirtossa60,17,Male
310,Chanirra64,21,Male
311,Undista50,20,Male
312,Chamjaskya75,30,Female
313,Jeyciman68,15,Male
314,Lirtassan78,28,Male
315,Iskossa88,23,Male
316,Minduli80,36,Male
317,Undiwinya88,18,Male
318,Liawista80,27,Male
319,Deelilsasya30,7,Male
320,Lassimla92,24,Male
321,Iskadar31,20,Male
322,Lisasi93,35,Female
323,Frichadar89,22,Male
324,Layjask75,15,Male
325,Frichynde86,23,Male
326,Lisosianya62,25,Male
327,Ilosiaya62,9,Male
328,Jiskadarst60,22,Female
329,Lisadar41,15,Male
330,Assossanya76,25,Male
331,Chanjaskan43,39,Male
332,Lirtimst73,19,Male
333,Assilsan72,26,Female
334,Undjaskla97,27,Male
335,Lirtossanya27,28,Male
336,Leyirra83,20,Male
337,Thrientossa55,24,Other / Non-Disclosed
338,Assosiasta83,21,Male
339,Undjasksya56,27,Male
340,Maradaran90,26,Male
341,Chamjasknya65,35,Male
342,Lisossan98,16,Female
343,Iskirraya53,20,Female
344,Undilsan50,22,Male
345,Assehoan67,33,Male
346,Frichassala85,25,Male
347,Maropast28,36,Male
348,Lisimsda29,19,Female
349,Jiskimsda56,25,Male
350,Sundast29,25,Female
351,Sizilsala42,16,Female
352,Mindilsa60,21,Male
353,Iskossasda43,21,Male
354,Lisadar44,36,Male
355,Assilsasta89,20,Male
356,Phenastya51,40,Male
357,Lisossala30,21,Female
358,Assassa38,25,Female
359,Lisotesta51,27,Male
360,Ilirrasda54,25,Female
361,Marast30,24,Male
362,Lisassala98,25,Male
363,Lassast89,23,Male
364,Undimnya33,20,Female
365,Iskim66,15,Male
366,Chamadarnya73,15,Male
367,Frichim27,27,Male
368,Lassassast73,30,Male
369,Assossa43,20,Female
370,Lassimsya91,25,Male
371,Sundosiasta28,32,Male
372,Assistasda42,24,Male
373,Frichilsasya78,24,Male
374,Chamistasta57,24,Male
375,Chamast86,31,Male
376,Lassilsa41,23,Male
377,Lisim51,18,Male
378,Frichjask31,35,Male
379,Sondilsaya62,7,Male
380,Assassasda84,7,Female
381,Lisim78,19,Male
382,Tauldilsa43,24,Male
383,Assilsa79,22,Male
384,Sausosia74,24,Male
385,Lisosia93,20,Male
386,Assossa41,7,Male
387,Mindari28,19,Male
388,Lisirrasda67,32,Other / Non-Disclosed
389,Assithasta65,23,Male
390,Lassassasda30,30,Male
391,Mindjasksya61,37,Male
392,Chanirra79,16,Female
393,Chanosia34,16,Male
394,Chamimla85,45,Male
395,Chamirraya83,7,Male
396,Chanilsast61,21,Male
397,Undossa89,20,Male
398,Ilosianya35,25,Male
399,Sondossa91,16,Male
400,Lalossa38,25,Female
401,Sundast87,23,Male
402,Assirra34,29,Female
403,Sondossasya33,25,Male
404,Ilast79,30,Male
405,Marim28,38,Male
406,Frichirranya75,16,Male
407,Mindadar70,17,Male
408,Chamirrasya33,22,Male
409,Chamilsan75,29,Male
410,Iladar47,22,Male
411,Sondossa69,18,Male
412,Lisiriya82,19,Male
413,Lirtast83,23,Male
414,Iludu67,31,Male
415,Mindosiasya28,21,Male
416,Lassjask78,16,Male
417,Frichast25,18,Male
418,Assassasta79,24,Male
419,Chadossa56,22,Male
420,Assjaskan56,23,Female
421,Marjask62,22,Female
422,Chadolyla44,20,Male
423,Marynde90,17,Male
424,Frichaya88,17,Female
425,Marilsast81,25,Female
426,Iskimnya76,20,Male
427,Sundadarla27,23,Male
428,Thourdirra92,16,Other / Non-Disclosed
429,Chamadar79,16,Male
430,Sundim98,20,Female
431,Mindosiast44,36,Male
432,Sundjask71,22,Male
433,Mindossasya74,21,Male
434,Frichast28,31,Female
435,Undista26,21,Male
436,Lisico81,22,Male
437,Chanossanya44,20,Male
438,Frichjaskan98,27,Male
439,Iskista96,21,Male
440,Lirtistasta79,23,Male
441,Assosia38,20,Male
442,Marassaya49,25,Male
443,Lirtirra81,19,Male
444,Leetirraya83,22,Male
445,Iskirra65,25,Male
446,Iskirra75,19,Male
447,Assirra56,20,Male
448,Frichossala54,16,Male
449,Chamim53,20,Male
450,Marundi65,12,Male
451,Lirtirra41,25,Male
452,Lirtassa47,7,Male
453,Marirrasta50,9,Male
454,Frichadaran88,35,Male
455,Mindossa76,39,Male
456,Sundaky74,7,Male
457,Iladarst61,9,Male
458,Sondossa55,38,Male
459,Chanosia60,22,Female
460,Undirra90,20,Female
461,Sundossast30,17,Male
462,Ililsa62,20,Female
463,Lassistasya44,22,Male
464,Marassanya92,23,Male
465,Chamossasya78,27,Female
466,Chanilsasda38,24,Male
467,Lisjaskya84,8,Male
468,Zontibe81,25,Male
469,Iskichinya81,20,Male
470,Lirtistanya48,34,Male
471,Minduri31,28,Male
472,Lirtilsa72,24,Male
473,Chanadar44,25,Male
474,Chanastst38,34,Male
475,Iskossaya95,14,Male
476,Phaestycal84,8,Male
477,Raesursurap33,23,Male
478,Siarithria38,18,Male
479,Aellysup38,16,Male
480,Ialillo44,21,Female
481,Dreolonu96,17,Male
482,Yasurra52,20,Male
483,Raedaisu38,22,Male
484,Haesur70,24,Male
485,Pheodaisun84,21,Male
486,Hiarideu73,21,Male
487,Phaedasurap84,25,Male
488,Illycal38,39,Male
489,Aesty53,35,Male
490,Aedasti36,21,Male
491,Istydil92,17,Female
492,Yadanun74,22,Male
493,Asty82,34,Female
494,Rinallorap73,20,Male
495,Inasti31,24,Other / Non-Disclosed
496,Riaral62,30,Male
497,Isri59,9,Female
498,Rarith48,34,Male
499,Aeralria73,20,Male
500,Shaidanu32,7,Male
501,Ili43,24,Male
502,Saena89,20,Female
503,Syathecal44,15,Female
504,Aedaip85,22,Male
505,Aisurria69,17,Male
506,Tyeuduephos81,13,Male
507,Eusri70,7,Male
508,Anallorgue57,15,Male
509,Phiristi62,20,Male
510,Iri67,10,Male
511,Haerith37,20,Male
512,Hyaduesu61,30,Male
513,Yaliru88,24,Female
514,Riada92,38,Male
515,Briathello36,24,Female
516,Alo67,37,Male
517,Yathe48,24,Male
518,Phalinun47,21,Male
519,Aidain51,13,Male
520,Ryananu51,35,Male
521,Leusur91,29,Male
522,Tyithelis75,19,Female
523,Tyirithnu40,21,Male
524,Aidai73,12,Male
525,Raisty38,20,Male
526,Aiduesu86,27,Other / Non-Disclosed
527,Tyidainu31,15,Male
528,Haillyrgue51,24,Male
529,Reulae52,25,Male
530,Heuthe25,20,Male
531,Phairinum94,21,Male
532,Phiallylis33,20,Male
533,Aeral85,21,Female
534,Isri49,40,Male
535,Seudanu38,20,Male
536,Saistyphos30,25,Male
537,Isri34,44,Male
538,Yalae81,36,Male
539,Hiadanurin36,30,Male
540,Ilariarin45,39,Male
541,Iarira60,24,Male
542,Iathem87,21,Male
543,Queusurra38,24,Male
544,Yala79,25,Male
545,Rastynusuir31,27,Male
546,Hida44,20,Female
547,Iallysti88,12,Male
548,Iduenu77,15,Male
549,Styaduen40,24,Male
550,Tyeusri68,20,Male
551,Heuli25,39,Female
552,Siralsudeu54,25,Male
553,Ralasti48,13,Male
554,Dyally87,25,Female
555,Pheosrinudeu70,19,Male
556,Tillyrin30,28,Male
557,Eusri44,22,Male
558,Iasur80,31,Male
559,Iada89,28,Male
560,Alaesu91,29,Other / Non-Disclosed
561,Rasrirgue43,23,Female
562,Pheulaestidru98,24,Male
563,Yarithsurgue62,29,Male
564,Tyida79,21,Male
565,Heolariap94,23,Male
566,Yadaim31,19,Male
567,Eusurdeu49,22,Male
568,Quinarap53,39,Male
569,Reolacal36,20,Male
570,Saerinu82,21,Male
571,Saedue76,19,Male
572,Raethenu43,21,Male
573,Raeduerin33,20,Male
574,Hari50,22,Male
575,Yathello75,22,Male
576,Ilophos58,21,Male
577,Heunadil74,24,Male
578,Heosurnuru52,29,Female
579,Aisur51,24,Female
580,Eodainu45,25,Male
581,Tyisur83,8,Male
582,Eolo46,35,Female
583,Pheusrical25,23,Male
584,Saedai76,25,Male
585,Raillydeu47,20,Male
586,Ialidru40,22,Female
587,Syathe73,15,Male
588,Tyeurith29,23,Male
589,Idaisuir85,19,Male
590,Saedaiphos46,12,Male
591,Siarin98,25,Male
592,Deural48,23,Male
593,Leulaesti78,22,Male
594,Syalom96,7,Male
595,Pheosurllorin41,33,Male
596,Aenacal31,27,Male
597,Aelastirin39,21,Other / Non-Disclosed
598,Yadam35,23,Male
599,Aisty62,19,Male
600,Aeralstical35,19,Male
601,Aelaria33,22,Female
602,Aeliriam77,22,Male
603,Airal46,40,Male
604,Haisurra41,18,Male
605,Ristydru66,24,Male
606,Tyiaduenuru55,24,Female
607,Isrirgue68,15,Female
608,Eustyru47,7,Male
609,Haisty76,22,Female
610,Yastyriaphos75,34,Other / Non-Disclosed
611,Tyeudailis60,23,Male
612,Aelollo59,32,Male
613,Eudasu82,22,Male
614,Hiral75,22,Female
615,Eusur90,26,Male
616,Rali77,16,Male
617,Inadeu25,24,Male
618,Ririp86,16,Male
619,Neolisuir87,17,Male
620,Aerithnucal56,27,Female
621,Tyalaesu89,24,Female
622,Meosridil82,17,Male
623,Irithrap69,23,Female
624,Hala31,15,Male
625,Iadueria43,24,Male
626,Aerithllora36,22,Female
627,Ilaeriacal64,18,Male
628,Eulanurin88,36,Male
629,Eurith26,19,Male
630,Eulae84,23,Male
631,Phaeduesurgue38,25,Male
632,Siri75,22,Male
633,Heollyriap59,24,Male
634,Aelin32,24,Male
635,Hiarilis28,23,Female
636,Seosri62,20,Male
637,Rithe77,15,Male
638,Idaria87,24,Male
639,Siana77,19,Male
640,Pheodai94,28,Male
641,Eodaisu60,25,Male
642,Tyaili86,23,Male
643,Phadue96,40,Male
644,Phaedan76,18,Male
645,Haeladil46,20,Female
646,Aerithriaphos46,12,Male
647,Yarithphos28,21,Male
648,Yaristi64,39,Male
649,Yadaphos40,20,Male
650,Reustym59,20,Male
651,Tyadaru49,19,Female
652,Eulasuir89,21,Male
653,Yala55,23,Male
654,Ialallo29,19,Male
655,Aethedru70,20,Male
656,Phaedue89,24,Male
657,Raelae62,24,Male
658,Airidil41,24,Male
659,Syarithdil95,23,Male
660,Ceoral34,15,Male
661,Ariria97,15,Other / Non-Disclosed
662,Isurriarap71,23,Female
663,Iaristi72,17,Male
664,Irilis75,19,Female
665,Yalostiphos68,25,Male
666,Hariphos58,33,Female
667,Aidai53,15,Male
668,Ianaphos67,35,Male
669,Iari38,26,Male
670,Isty55,17,Male
671,Tyaenasti87,32,Male
672,Haisty72,25,Male
673,Aerithnuphos61,28,Male
674,Saellyra72,29,Male
675,Aisurdru79,22,Male
676,Aelalis34,21,Male
677,Eoririara90,27,Male
678,Hiasri33,31,Male
679,Sida61,27,Male
680,Aidaira48,22,Male
681,Eodueriacal56,24,Male
682,Yasriphos60,23,Male
683,Rarallo90,15,Male
684,Iallyphos37,21,Male
685,Haisrisuir60,21,Male
686,Aidai61,28,Male
687,Hisridru55,23,Male
688,Aidaisu44,23,Male
689,Phially75,19,Male
690,Aelosti90,25,Female
691,Hidasu42,20,Male
692,Haellysu29,20,Male
693,Tyialisti80,22,Male
694,Asurm40,24,Male
695,Phaelap26,16,Male
696,Salilis27,15,Male
697,Airithrin43,21,Male
698,Yarith71,21,Male
699,Eolan54,27,Male
700,Syalollorap93,21,Male
701,Aina43,8,Male
702,Sastydeu50,25,Male
703,Tyeulisu40,25,Female
704,Tyeoralru41,21,Male
705,Yarithrin84,20,Female
706,Eural50,25,Female
707,Arirgue63,20,Male
708,Hiasur92,25,Male
709,Tyaeduesu93,15,Male
710,Raesurdil91,20,Male
711,Tyidaim51,12,Female
712,Aeral97,39,Male
713,Phistym51,22,Male
714,Eulaestira36,18,Male
715,Eoda93,23,Male
716,Aeri79,22,Male
717,Iduedru67,29,Male
718,Ilarin91,22,Male
719,Yana46,19,Male
720,Rathe30,35,Male
721,Seosrim97,23,Male
722,Iana95,15,Male
723,Ithello95,21,Male
724,Eosur70,24,Male
725,Eudanu84,28,Female
726,Peorith44,23,Male
727,Euthe35,22,Female
728,Yaralsu28,31,Male
729,Heolo60,20,Female
730,Aerithsti91,24,Male
731,Aithedeu98,22,Male
732,Tyithesura58,8,Male
733,Taeduenu92,23,Female
734,Raelly43,22,Male
735,Aena95,7,Male
736,Aeliriarin93,23,Male
737,Phaelaellodil49,20,Female
738,Tyastysuir80,20,Male
739,Tyeuladeu30,7,Male
740,Eodailis27,22,Male
741,Idairin51,38,Male
742,Ialistidru50,28,Male
743,Aesur96,24,Male
744,Rairith81,27,Male
745,Saralp86,15,Male
746,Eosty28,25,Female
747,Sisur91,18,Male
748,Hiasurria41,19,Female
749,Seudaillorap38,24,Male
750,Rithe53,31,Male
751,Shidai42,24,Male
752,Yathedeu43,26,Male
753,Aiduecal76,38,Male
754,Idaistiphos49,13,Male
755,Scheolonu75,22,Male
756,Iarithdil76,23,Male
757,Yanaru31,18,Female
758,Idue72,7,Male
759,Aesririam61,20,Male
760,Aesririaphos84,11,Male
761,Isursuir31,44,Male
762,Eurithphos97,15,Male
763,Arin32,14,Male
764,Iaralsuir44,27,Other / Non-Disclosed
765,Idastidru52,11,Male
766,Raerithsti62,8,Male
767,Saistydru69,40,Male
768,Astydil38,7,Male
769,Ridai74,30,Male
770,Aeralria27,29,Male
771,Ithesuphos68,23,Male
772,Aillyrin83,18,Female
773,Ila44,31,Male
774,Phiarithdeu40,18,Male
775,Aerillorin70,22,Female
776,Risty84,24,Male
777,Eulidru49,7,Male
778,Saena74,9,Male
779,Aillycal84,20,Male
780,Aesty51,15,Male
781,Aenarap34,27,Male
782,Itheria73,10,Male
783,Siallylis44,15,Male
784,Aeduera68,25,Male
785,Syalallodil59,20,Male
786,Heudai45,25,Male
787,Heuralsti66,19,Male
788,Zhisrisu83,23,Male
789,Adastirin33,24,Male
790,Haerithp41,20,Male
791,Hailaphos89,10,Male
792,Eoral49,22,Female
793,Aellyrialis39,21,Male
794,Yasty61,23,Male
795,Tyialisudeu65,17,Male
796,Silinu63,22,Male
797,Idaidil28,22,Male
798,Euna48,13,Female
799,Aidaira26,22,Male
800,Yasrisu92,15,Male
801,Siala43,33,Male
802,Iasurphos83,17,Male
803,Eodairu79,7,Male
804,Steorith54,23,Male
805,Tyisriphos58,20,Male
806,Tyeuduen32,16,Female
807,Sidap51,16,Male
808,Tyeosri53,23,Male
809,Aenasu69,20,Male
810,Tyaelly53,24,Male
811,Yalo71,25,Male
812,Istysu50,7,Male
813,Alaesu77,21,Male
814,Aithelis62,42,Male
815,Heosrisuir72,25,Male
816,Saesrideu94,24,Male
817,Aillyriadru65,24,Male
818,Hairith93,23,Male
819,Sialaera37,20,Male
820,Eudanu32,24,Male
821,Asur96,15,Male
822,Eudaria62,22,Male
823,Eollym91,25,Female
824,Haestyphos66,18,Male
825,Eustyria89,26,Male
826,Isurria36,20,Male
827,Yalo85,23,Male
828,Aidaillodeu39,40,Male
829,Llairith95,37,Male
830,Strithenu87,32,Male
831,Rairith92,24,Male
832,Paenasu97,23,Male
833,Hiaral50,25,Female
834,Isriria90,32,Male
835,Aela59,16,Male
836,Raeri71,27,Male
837,Eusty71,12,Male
838,Isristira52,24,Male
839,Hainaria90,21,Female
840,Eoralrap26,9,Female
841,Nitherian58,20,Female
842,Tyalaru83,30,Female
843,Irith83,9,Male
844,Iral74,15,Male
845,Ali84,29,Male
846,Reuthelis39,16,Male
847,Tyaedaisti57,20,Male
848,Aethe80,24,Male
849,Tyaelorap29,25,Male
850,Idacal95,21,Male
851,Siathecal92,22,Male
852,Heulaedru70,19,Male
853,Aisurrin67,21,Male
854,Seorithstilis90,34,Male
855,Aeda94,23,Male
856,Arithriacal47,36,Male
857,Stryanastip77,12,Female
858,Pheulidil31,29,Male
859,Idasu87,19,Male
860,Ralaeriadeu65,24,Male
861,Raedalis34,25,Male
862,Ialo60,20,Male
863,Ralonurin90,33,Male
864,Silideu44,22,Male
865,Raesty92,25,Male
866,Wailin72,20,Male
867,Eudaria79,22,Female
868,Hallysucal81,20,Male
869,Laedallo55,25,Male
870,Tyalira51,20,Male
871,Arithllorin55,14,Male
872,Eoririn95,20,Female
873,Alo38,22,Female
874,Seostylis96,30,Male
875,Ryanara76,22,Male
876,Eurinu48,25,Male
877,Tyaerith73,22,Female
878,Radaria60,30,Male
879,Irillo49,20,Male
880,Aellyria80,18,Male
881,Phaena87,32,Female
882,Tyeosristi57,25,Male
883,Alallo58,16,Male
884,Riastylis35,23,Male
885,Liri91,25,Male
886,Pheully61,18,Male
887,Aelly27,17,Male
888,Aela49,29,Male
889,Aeral43,23,Female
890,Eudai71,21,Male
891,Seuthep89,19,Female
892,Iduelis31,30,Male
893,Tyeudariasuir90,22,Male
894,Eustyria31,20,Male
895,Rilaphos42,22,Male
896,Syadaillo88,15,Male
897,Inallolis26,31,Male
898,Aelidru27,31,Male
899,Eurallo89,30,Male
900,Streural92,24,Male
901,Seuthelis34,24,Male
902,Tyaesrisuir32,15,Female
903,Whaestysu86,25,Male
904,Riralcal56,20,Male
905,Aina42,8,Male
906,Siasri67,19,Male
907,Philistirap41,31,Male
908,Saida58,20,Male
909,Pharithdil38,33,Male
910,Eosursurap97,40,Male
911,Iasrira89,41,Male
912,Sialo55,25,Female
913,Lliala41,22,Male
914,Aeriru97,20,Male
915,Aidaisti81,25,Male
916,Phistyn52,25,Male
917,Tyili65,16,Male
918,Iathenudil29,20,Male
919,Billysu76,39,Female
920,Halaecal66,21,Male
921,Reula64,21,Male
922,Hilaerin92,19,Male
923,Tridaira71,25,Male
924,Sirira97,15,Male
925,Tyaelistidru84,23,Male
926,Iarallo65,14,Female
927,Rathellorin54,23,Male
928,Aiduesu83,25,Male
929,Tyarithn67,11,Male
930,Iristi88,34,Male
931,Silaera56,24,Male
932,Phainasu47,16,Male
933,Yadaisuir65,30,Male
934,Isursti83,21,Male
935,Sirithra57,23,Female
936,Airi27,22,Male
937,Seolollo93,20,Male
938,Phyali88,36,Male
939,Hillyllop98,35,Other / Non-Disclosed
940,Tyirithria76,18,Male
941,Eoliria33,20,Male
942,Ilara98,41,Male
943,Haerith75,28,Male
944,Haedasu65,21,Male
945,Phadai31,33,Male
946,Heollyra92,20,Male
947,Iri45,17,Male
948,Ilastilis78,29,Male
949,Yasur35,17,Male
950,Aellynun67,20,Male
951,Eosrirgue62,20,Male
952,Tyidanulis74,24,Female
953,Aeri84,21,Male
954,Riduedeu67,7,Female
955,Rilaera56,20,Male
956,Yalaeria91,25,Male
957,Tyaelo67,22,Male
958,Pheutherin27,20,Male
959,Saisrilis27,12,Other / Non-Disclosed
960,Aralphos84,40,Male
961,Asur53,19,Male
962,Phially37,18,Male
963,Irim47,23,Male
964,Tyaeristi78,15,Male
965,Tyaelaelis94,16,Female
966,Eulaeria40,20,Male
967,Riralsti91,24,Male
968,Aethesu45,16,Female
969,Aithesura93,15,Male
970,Yarithllodeu72,21,Male
971,Yalidru59,20,Female
972,Tyeulallo55,33,Female
973,Yathecal72,22,Male
974,Iathephos40,21,Male
975,Caesrinusuir82,23,Male
976,Idairin80,36,Male
977,Haedairiadru51,14,Male
978,Tyaedainu44,21,Male
979,Ryastycal90,22,Male
980,Ina92,30,Male
981,Alaephos75,28,Male
982,Euliria52,34,Male
983,Yaralnura48,20,Male
984,Iasursti71,16,Male
985,Hyarisuir40,19,Female
986,Eusri26,25,Male
987,Iaralrgue74,35,Female
988,Inanurin37,16,Male
989,Seorinu25,20,Male
990,Ilosu82,37,Male
991,Phairi92,27,Male
992,Adairialis76,17,Male
993,Syasriria69,14,Male
994,Ryariria59,33,Female
995,Eolideu96,23,Male
996,Risristin37,16,Male
997,Yaralriadeu76,24,Male
998,Rina82,22,Female
999,Strairisti57,30,Male
1000,Raedairgue89,18,Male
1001,Seuriphos94,14,Male
1002,Aduenulis40,27,Male
1003,Philo41,18,Male
1004,Tyidue95,20,Male
1005,Philodil43,21,Female
1006,Eunalis45,20,Male
1007,Raithe71,32,Male
1008,Aduephos78,25,Male
1009,Yalo77,18,Male
1010,Aela83,22,Male
1011,Seustysti36,33,Male
1012,Iarilis73,22,Female
1013,Alarap40,31,Female
1014,Tyirinu79,23,Male
1015,Nanallom55,15,Female
1016,Hirirap39,27,Male
1017,Inasuir29,9,Male
1018,Eurisuru25,24,Male
1019,Eunadeu69,30,Male
1020,Ithergue48,23,Male
1021,Yarithrgue83,24,Male
1022,Ailaesuir66,25,Male
1023,Phaedai25,21,Female
1024,Yasur85,19,Male
1025,Saelaephos52,9,Male
1026,Saidairiaphos61,33,Male
1027,Iasurriacal29,22,Male
1028,Siarinum43,16,Female
1029,Eulolis41,21,Male
1030,Eula35,40,Male
1031,Eullysulis81,25,Male
1032,Eoduenurin62,22,Male
1033,Eullydru35,19,Female
1034,Yathecal82,36,Male
1035,Eosurdru76,20,Male
1036,Rairin89,27,Male
1037,Yadanu52,30,Male
1038,Pheuthello28,25,Male
1039,Smaistysu35,25,Male
1040,Saelollop56,39,Female
1041,Aestysu37,35,Male
1042,Tyananurgue44,25,Male
1043,Saerallora71,25,Male
1044,Hada39,16,Male
1045,Aesri53,32,Male
1046,Hirisulis84,36,Male
1047,Baelollodeu94,22,Male
1048,Eothe56,22,Male
1049,Idai61,22,Male
1050,Tyilonuru81,29,Male
1051,Syally44,24,Male
1052,Eoralphos86,20,Male
1053,Phaellyllo57,15,Male
1054,Tyaelorgue39,14,Male
1055,Thryallym62,17,Male
1056,Aerithriaphos45,25,Male
1057,Yadacal26,25,Female
1058,Alim85,21,Female
1059,Aedaillo57,19,Male
1060,Aesurstilis64,25,Male
1061,Reunasu60,25,Male
1062,Sally64,22,Female
1063,Tyilostip49,12,Female
1064,Pharithphos42,17,Female
1065,Irithlis29,20,Male
1066,Aeral68,30,Male
1067,Phidaru58,16,Male
1068,Aisurphos78,22,Male
1069,Ilaesudil92,15,Male
1070,Aeliru63,23,Female
1071,Ethralan59,28,Male
1072,Palurrian69,25,Male
1073,Quarunarn52,20,Other / Non-Disclosed
1074,Farusrian86,30,Male
1075,Palyon91,22,Female
1076,Quanrion96,23,Male
1077,Qarirwen82,22,Male
1078,Fironon91,39,Male
1079,Filrion59,17,Male
1080,Ealiril69,21,Male
1081,Ethruard50,16,Male
1082,Ealarn92,19,Male
1083,Indirrian56,23,Female
1084,Ardil41,18,Male
1085,Lamyon68,15,Male
1086,Ardonmol96,22,Female
1087,Eryon48,42,Male
1088,Malista67,20,Male
1089,Quarurie36,30,Male
1090,Lamil79,23,Male
1091,Ethrasyon38,35,Male
1092,Malarrian73,25,Male
1093,Lamil70,26,Male
1094,Palon70,18,Male
1095,Quanunwen42,22,Female
1096,Qaronon57,22,Male
1097,Quarusrion32,21,Male
1098,Qarwen67,20,Male
1099,Ilmol66,25,Male
1100,Indcil77,16,Male
1101,Faralcil63,20,Male
1102,Yararmol43,16,Male
1103,Maluncil97,23,Male
1104,Qilatista90,34,Male
1105,Eronie44,16,Male
1106,Quaranmol58,30,Male
1107,Filrion44,21,Male
1108,Malon70,15,Female
1109,Eyista89,22,Female
1110,Palatyon26,9,Male
1111,Inguard95,25,Male
1112,Filurarn35,22,Male
1113,Ennrian78,30,Male
1114,Qiluard68,34,Male
1115,Umuard36,18,Female
1116,Filrion83,12,Male
1117,Ennalmol65,20,Male
1118,Quelaton80,35,Male
1119,Ardcil81,15,Male
1120,Ethriel85,25,Male
1121,Ethralista69,22,Male
1122,Lamon28,22,Female
1123,Yarolwen77,29,Male
1124,Indonmol95,17,Male
1125,Ennoncil86,22,Female
1126,Quanenrian83,20,Male
1127,Ealrion88,20,Male
1128,Ethrusuard41,30,Male
1129,Qilatie51,25,Female
1130,Quelatarn54,30,Male
1131,Ingonon91,10,Male
1132,Eyircil84,20,Male
1133,Qilanrion65,31,Male
1134,Ethron58,21,Female
1135,Yarmol79,20,Male
1136,Farrian71,34,Female
1137,Ilrian97,13,Male
1138,Ingatcil75,21,Male
1139,Malunil62,27,Male
1140,Indanuard75,19,Male
1141,Ermol76,20,Male
1142,Farenon57,30,Female
1143,Malil90,29,Male
1144,Firan91,26,Other / Non-Disclosed
1145,Filon68,14,Male
1146,Iliel92,22,Male
1147,Umolrian85,14,Male
1148,Yarirarn35,21,Male
1149,Inguron55,19,Male
1150,Ilenmol62,32,Male
1151,Quarrion42,16,Male
1152,Qilunan34,29,Male
1153,Ilunyon70,21,Male
1154,Firon67,36,Female
1155,Arduard95,25,Male
1156,Firatan58,21,Male
1157,Errian63,34,Male
1158,Eratiel90,20,Male
1159,Qarrian82,17,Male
1160,Eyrian71,24,Male
1161,Qilalista41,15,Male
1162,Erudrion71,17,Male
